<metadata xml:lang="en"><Esri><CreaDate>20120130</CreaDate><CreaTime>08382100</CreaTime><ArcGISFormat>1.0</ArcGISFormat><ArcGISstyle>FGDC CSDGM Metadata</ArcGISstyle><SyncOnce>FALSE</SyncOnce><DataProperties><lineage><Process ToolSource="C:\Program Files\ArcGIS\Desktop10.0\ArcToolbox\Toolboxes\Data Management Tools.tbx\Project" Date="20120130" Time="083821" Name="" export="">Project FinalLBCH \\Fswr05\lbgisdata\GeoDatabases\Letherback\LeatherbackCH.mdb\Final_Leatherback_CH_projected PROJCS['NAD_1983_California_Teale_Albers',GEOGCS['GCS_North_American_1983',DATUM['D_North_American_1983',SPHEROID['GRS_1980',6378137.0,298.257222101]],PRIMEM['Greenwich',0.0],UNIT['Degree',0.0174532925199433]],PROJECTION['Albers'],PARAMETER['False_Easting',0.0],PARAMETER['False_Northing',-4000000.0],PARAMETER['Central_Meridian',-120.0],PARAMETER['Standard_Parallel_1',34.0],PARAMETER['Standard_Parallel_2',40.5],PARAMETER['Latitude_Of_Origin',0.0],UNIT['Meter',1.0]] NAD_1983_To_WGS_1984_4 GEOGCS['GCS_WGS_1984',DATUM['D_WGS_1984',SPHEROID['WGS_1984',6378137.0,298.257223563]],PRIMEM['Greenwich',0.0],UNIT['Degree',0.0174532925199433]]</Process><Process ToolSource="C:\Program Files\ArcGIS\Desktop10.0\ArcToolbox\Toolboxes\Conversion Tools.tbx\FeatureClassToFeatureClass" Date="20120130" Time="094806" Name="" export="">FeatureClassToFeatureClass \\Fswr05\lbgisdata\GeoDatabases\Letherback\LeatherbackCH.mdb\Final_LeatherbackCH \\Fswr05\lbgisdata\Shapes\PacificCoast\Turtle\Leatherback\CriticalHabitat Final_LeatherbackCH.shp # "NAME "NAME" true true false 50 Text 0 0 ,First,#,\\Fswr05\lbgisdata\GeoDatabases\Letherback\LeatherbackCH.mdb\Final_LeatherbackCH,NAME,-1,-1;SHAPE_Leng "SHAPE_Length" false true true 8 Double 0 0 ,First,#,\\Fswr05\lbgisdata\GeoDatabases\Letherback\LeatherbackCH.mdb\Final_LeatherbackCH,SHAPE_Length,-1,-1;SHAPE_Area "SHAPE_Area" false true true 8 Double 0 0 ,First,#,\\Fswr05\lbgisdata\GeoDatabases\Letherback\LeatherbackCH.mdb\Final_LeatherbackCH,SHAPE_Area,-1,-1" #</Process></lineage><itemProps><itemName Sync="TRUE">Final_LeatherbackCH</itemName><imsContentType Sync="TRUE">002</imsContentType><nativeExtBox><westBL Sync="TRUE">-487718.691800</westBL><eastBL Sync="TRUE">-54968.912800</eastBL><southBL Sync="TRUE">-382047.918300</southBL><northBL Sync="TRUE">1167738.486200</northBL><exTypeCode Sync="TRUE">1</exTypeCode></nativeExtBox><itemLocation><linkage Sync="TRUE">file://\\HQDATA4\PR\Pr2\JDA\GIS\Data\Final_LeatherbackCH.shp</linkage><protocol Sync="TRUE">Local Area Network</protocol></itemLocation><itemSize Sync="TRUE">0.344</itemSize></itemProps><coordRef><type Sync="TRUE">Projected</type><geogcsn Sync="TRUE">GCS_North_American_1983</geogcsn><projcsn Sync="TRUE">NAD_1983_California_Teale_Albers</projcsn><peXml Sync="TRUE">&lt;ProjectedCoordinateSystem xsi:type='typens:ProjectedCoordinateSystem' xmlns:xsi='http://www.w3.org/2001/XMLSchema-instance' xmlns:xs='http://www.w3.org/2001/XMLSchema' xmlns:typens='http://www.esri.com/schemas/ArcGIS/10.0'&gt;&lt;WKT&gt;PROJCS[&amp;quot;NAD_1983_California_Teale_Albers&amp;quot;,GEOGCS[&amp;quot;GCS_North_American_1983&amp;quot;,DATUM[&amp;quot;D_North_American_1983&amp;quot;,SPHEROID[&amp;quot;GRS_1980&amp;quot;,6378137.0,298.257222101]],PRIMEM[&amp;quot;Greenwich&amp;quot;,0.0],UNIT[&amp;quot;Degree&amp;quot;,0.0174532925199433]],PROJECTION[&amp;quot;Albers&amp;quot;],PARAMETER[&amp;quot;False_Easting&amp;quot;,0.0],PARAMETER[&amp;quot;False_Northing&amp;quot;,-4000000.0],PARAMETER[&amp;quot;Central_Meridian&amp;quot;,-120.0],PARAMETER[&amp;quot;Standard_Parallel_1&amp;quot;,34.0],PARAMETER[&amp;quot;Standard_Parallel_2&amp;quot;,40.5],PARAMETER[&amp;quot;Latitude_Of_Origin&amp;quot;,0.0],UNIT[&amp;quot;Meter&amp;quot;,1.0],AUTHORITY[&amp;quot;EPSG&amp;quot;,3310]]&lt;/WKT&gt;&lt;XOrigin&gt;-16909700&lt;/XOrigin&gt;&lt;YOrigin&gt;-8597000&lt;/YOrigin&gt;&lt;XYScale&gt;266332319.7555542&lt;/XYScale&gt;&lt;ZOrigin&gt;-100000&lt;/ZOrigin&gt;&lt;ZScale&gt;10000&lt;/ZScale&gt;&lt;MOrigin&gt;-100000&lt;/MOrigin&gt;&lt;MScale&gt;10000&lt;/MScale&gt;&lt;XYTolerance&gt;0.001&lt;/XYTolerance&gt;&lt;ZTolerance&gt;0.001&lt;/ZTolerance&gt;&lt;MTolerance&gt;0.001&lt;/MTolerance&gt;&lt;HighPrecision&gt;true&lt;/HighPrecision&gt;&lt;WKID&gt;3310&lt;/WKID&gt;&lt;/ProjectedCoordinateSystem&gt;</peXml><csUnits Sync="TRUE">Linear Unit: Meter (1.000000)</csUnits></coordRef></DataProperties><SyncDate>20120130</SyncDate><SyncTime>15272500</SyncTime><ModDate>20120130</ModDate><ModTime>15310200</ModTime><ArcGISProfile>NAP</ArcGISProfile></Esri><dataIdInfo><envirDesc Sync="TRUE">Microsoft Windows XP Version 5.1 (Build 2600) Service Pack 3; ESRI ArcGIS 10.0.3.3600</envirDesc><dataLang><languageCode value="en" country="US"/><countryCode value="eng"/></dataLang><idCitation xmlns=""><resTitle Sync="FALSE">Final LeatherbackCH</resTitle><presForm><PresFormCd value="005"/></presForm><date><createDate>20120126</createDate><pubDate>20120126</pubDate></date><resEd>Final</resEd><resEdDate>20120126</resEdDate></idCitation><descKeys><thesaName uuidref="723f6998-058e-11dc-8314-0800200c9a66"/><keyword Sync="TRUE">002</keyword></descKeys><spatRpType><SpatRepTypCd value="001"/></spatRpType><dataExt xmlns=""><geoEle><GeoBndBox esriExtentType="search"><westBL Sync="TRUE">-126.461656</westBL><eastBL Sync="TRUE">-120.599379</eastBL><northBL Sync="TRUE">48.590209</northBL><southBL Sync="TRUE">34.454720</southBL><exTypeCode Sync="TRUE">1</exTypeCode></GeoBndBox></geoEle></dataExt><idPurp>This data is intended to represent the areas designated as critical habitat for the endangered leatherback sea turtle. This designation includes approximately 16,910 square miles (43,798 square kilometers) stretching along the California coast from Point Arena to Point Arguello east of the 3,000 meter depth contour; and 25,004 square miles (64,760 square km) stretching from Cape Flattery, Washington to Cape Blanco, Oregon east of the 2,000 meter depth contour. The designated areas comprise approximately 41,914 square miles (108,558 square km) of marine habitat and include waters from the ocean surface down to a maximum depth of 262 feet (80 m). The Federal Register Notice of January 26, 2012 (77 FR 4170) provides the legal definition of leatherback sea turtle critical habitat. </idPurp><idAbs>&lt;DIV STYLE="text-align:Left;"&gt;&lt;DIV&gt;&lt;DIV&gt;&lt;P STYLE="margin:7 0 7 0;"&gt;&lt;SPAN&gt;&lt;SPAN&gt;This data set depicts designated critical habitat for the leatherback sea turtle (Dermochelys coriacea) in California, Oregon, and Washington as designated by the National Oceanic and Atmospheric Administration, National Marine Fisheries Service, under the Endangered Species Act. This data set is meant as a general locational reference for these designated areas. Please refer to the Federal Register Notice titled "Endangered and Threatened Species: Final Rule to Revise the Critical Habitat Designation for the Endangered Leatherback Sea Turtle" (Vol. 77, No. 17, Page 4170, January 26, 2012) for details and the legal definition. &lt;/SPAN&gt;&lt;/SPAN&gt;&lt;/P&gt;&lt;P&gt;&lt;SPAN /&gt;&lt;/P&gt;&lt;/DIV&gt;&lt;/DIV&gt;&lt;/DIV&gt;</idAbs><idCredit>National Marine Fisheries Service</idCredit><searchKeys><keyword>Critical Habitat</keyword><keyword>Leatherback Sea Turtle</keyword><keyword>Conservation</keyword><keyword>Habitat</keyword><keyword>Endangered Species Act</keyword><keyword>Pacific Coast</keyword><keyword>United States</keyword></searchKeys><resConst><Consts><useLimit>This data set is meant as a general locational reference for these designated areas. Please refer to the Federal Register Notice titled " Endangered and Threatened Species: Final Rule to Revise the Critical Habitat Designation for the Endangered Leatherback Sea Turtle " (Vol. 77, No. 17, Page 4170, January 26, 2012) for details and the legal definition. </useLimit></Consts></resConst><themeKeys xmlns=""><keyword>Critical Habitat, Leatherback Sea Turtle, Conservation, Habitat, Endangered Species Act</keyword></themeKeys><placeKeys><keyword>Pacific Coast, United States</keyword></placeKeys><dataChar><CharSetCd value="004"/></dataChar><tpCat><TopicCatCd value="014"/></tpCat></dataIdInfo><mdLang><languageCode value="en"/><countryCode value="US" Sync="TRUE"/></mdLang><mdChar><CharSetCd value="004"/></mdChar><distInfo><distFormat><formatName Sync="TRUE">Shapefile</formatName></distFormat><distTranOps><transSize Sync="TRUE">0.344</transSize></distTranOps></distInfo><mdHrLv><ScopeCd value="005"/></mdHrLv><mdHrLvName Sync="TRUE">dataset</mdHrLvName><refSysInfo><RefSystem><refSysID><identCode code="3310"/><idCodeSpace Sync="TRUE">EPSG</idCodeSpace><idVersion Sync="TRUE">7.4.1</idVersion></refSysID></RefSystem></refSysInfo><spdoinfo><ptvctinf><esriterm><efeatyp Sync="TRUE">Simple</efeatyp><efeageom code="4" Sync="TRUE"/><esritopo Sync="TRUE">FALSE</esritopo><efeacnt Sync="TRUE">1</efeacnt><spindex Sync="TRUE">TRUE</spindex><linrefer Sync="TRUE">FALSE</linrefer></esriterm></ptvctinf></spdoinfo><spatRepInfo><VectSpatRep><geometObjs Name="Final_LeatherbackCH"><geoObjTyp><GeoObjTypCd value="002" Sync="TRUE"/></geoObjTyp><geoObjCnt Sync="TRUE">1</geoObjCnt></geometObjs><topLvl><TopoLevCd value="001" Sync="TRUE"/></topLvl></VectSpatRep></spatRepInfo><eainfo><detailed Name="Final_LeatherbackCH"><enttyp><enttypl Sync="TRUE">Final_LeatherbackCH</enttypl><enttypt Sync="TRUE">Feature Class</enttypt><enttypc Sync="TRUE">1</enttypc></enttyp><attr><attrlabl Sync="TRUE">FID</attrlabl><attalias Sync="TRUE">FID</attalias><attrtype Sync="TRUE">OID</attrtype><attwidth Sync="TRUE">4</attwidth><atprecis Sync="TRUE">0</atprecis><attscale Sync="TRUE">0</attscale><attrdef Sync="TRUE">Internal feature number.</attrdef><attrdefs Sync="TRUE">ESRI</attrdefs><attrdomv><udom Sync="TRUE">Sequential unique whole numbers that are automatically generated.</udom></attrdomv></attr><attr><attrlabl Sync="TRUE">SHAPE</attrlabl><attalias Sync="TRUE">Shape</attalias><attrtype Sync="TRUE">Geometry</attrtype><attwidth Sync="TRUE">0</attwidth><atprecis Sync="TRUE">0</atprecis><attscale Sync="TRUE">0</attscale><attrdef Sync="TRUE">Feature geometry.</attrdef><attrdefs Sync="TRUE">ESRI</attrdefs><attrdomv><udom Sync="TRUE">Coordinates defining the features.</udom></attrdomv></attr><attr><attrlabl Sync="TRUE">NAME</attrlabl><attalias Sync="TRUE">NAME</attalias><attrtype Sync="TRUE">String</attrtype><attwidth Sync="TRUE">50</attwidth><atprecis Sync="TRUE">0</atprecis><attscale Sync="TRUE">0</attscale></attr><attr><attrlabl Sync="TRUE">SHAPE_Leng</attrlabl><attalias Sync="TRUE">SHAPE_Leng</attalias><attrtype Sync="TRUE">Double</attrtype><attwidth Sync="TRUE">19</attwidth><atprecis Sync="TRUE">0</atprecis><attscale Sync="TRUE">0</attscale></attr><attr><attrlabl Sync="TRUE">SHAPE_Area</attrlabl><attalias Sync="TRUE">SHAPE_Area</attalias><attrtype Sync="TRUE">Double</attrtype><attwidth Sync="TRUE">19</attwidth><atprecis Sync="TRUE">0</atprecis><attscale Sync="TRUE">0</attscale><attrdef Sync="TRUE">Area of feature in internal units squared.</attrdef><attrdefs Sync="TRUE">ESRI</attrdefs><attrdomv><udom Sync="TRUE">Positive real numbers that are automatically generated.</udom></attrdomv></attr></detailed></eainfo><mdDateSt Sync="TRUE">20120130</mdDateSt><mdContact xmlns=""><rpIndName>Dwayne Meadows</rpIndName><rpOrgName>NOAA Fisheries</rpOrgName><rpCntInfo xmlns=""><cntAddress addressType="both"><delPoint>NOAA Fisheries, Office of Protected Resources, F/PR3, 1315 East West Highway</delPoint><city>Silver Spring</city><adminArea>MD</adminArea><postCode>20910</postCode><eMailAdd>Dwayne.Meadows@noaa.gov</eMailAdd><country>USA</country></cntAddress><cntPhone><voiceNum tddtty="">(301) 427-8403</voiceNum></cntPhone></rpCntInfo><role><RoleCd value="002"/></role></mdContact></metadata>
